,key,hold_s,t_release,t_press,delta_T,dist,normed_delta_T
0,r,0.1544,10.5706,10.4162,,0.0,
1,e,0.2424,11.0219,10.7795,0.20889999999999986,1.0,0.20889999999999986
2,s,0.22,12.4631,12.2431,1.2211999999999996,1.4142135623730951,0.8635188011850115
3,t,0.1974,15.1652,14.9678,2.5046999999999997,3.1622776601683795,0.7920556855423738
4,o,0.1966,16.1444,15.9478,0.7826000000000004,4.0,0.1956500000000001
5,space,0.2506,17.2588,17.0081,0.8636999999999979,5.0,0.1727399999999996
6,d,0.1039,21.5282,21.4243,4.165499999999998,2.8284271247461903,1.472726648516281
7,e,0.1655,22.0811,21.9156,0.3874000000000031,1.0,0.3874000000000031
8,l,0.176,23.4661,23.2901,1.2089999999999996,6.082762530298219,0.1987583756521769
9,l,0.1933,23.8241,23.6308,0.16469999999999985,0.0,inf
10,a,0.2068,24.9801,24.7733,0.9491999999999976,8.0,0.1186499999999997
11,space,0.2019,25.8536,25.6517,0.6716000000000015,4.47213595499958,0.1501743253688862
12,c,0.1686,27.267,27.0984,1.2448000000000015,2.23606797749979,0.5566914836783483
13,o,0.2104,29.1858,28.9754,1.708400000000001,6.324555320336759,0.2701217577315831
14,n,0.1811,29.8348,29.6536,0.46780000000000044,3.605551275463989,0.1297443758970812
15,c,0.2136,31.0141,30.8006,0.965799999999998,3.0,0.3219333333333327
16,u,0.231,32.3835,32.1524,1.138300000000001,4.47213595499958,0.25453161787880124
17,r,0.2717,34.5127,34.241,1.8575000000000017,3.0,0.6191666666666672
18,i,0.1969,35.317,35.1201,0.6073999999999984,4.0,0.1518499999999996
19,a,0.2092,36.6562,36.447,1.1300000000000026,7.0710678118654755,0.1598061325481601
20,n,0.1668,37.3428,37.176,0.5198000000000036,5.0990195135927845,0.10194116704482876
21,space,0.2768,38.1016,37.8248,0.4820000000000064,1.4142135623730951,0.3408254685319204
22,s,0.1815,41.9423,41.7608,3.6592000000000056,3.605551275463989,1.0148794790136808
23,a,0.254,42.4605,42.2065,0.2641999999999953,1.0,0.2641999999999953
24,y,0.1573,44.8017,44.6444,2.183899999999994,5.0990195135927845,0.428298027528279
25,o,0.1792,45.682,45.5027,0.7010000000000005,3.0,0.23366666666666683
26,space,0.2098,46.3895,46.1797,0.4976999999999947,5.0,0.09953999999999893
27,d,0.407,47.4701,47.0631,0.6736000000000004,2.8284271247461903,0.23815356390362935
28,e,0.2114,48.8829,48.6715,1.2013999999999996,1.0,1.2013999999999996
29,space,0.2807,49.7658,49.4851,0.6022000000000034,3.605551275463989,0.16702022908341743
30,l,0.219,52.9241,52.7051,2.939300000000003,4.47213595499958,0.6572474606265138
31,e,0.2279,54.2659,54.0381,1.1139999999999972,6.082762530298219,0.18314047185816756
32,n,0.1944,55.384,55.1895,0.9236000000000004,3.605551275463989,0.2561605506168109
33,t,0.2247,56.8557,56.631,1.2469999999999999,2.23606797749979,0.5576753535884474
34,e,0.2203,58.0985,57.8782,1.0225000000000009,2.0,0.5112500000000004
35,j,0.2327,58.906,58.6732,0.5747,4.123105625617661,0.13938522370838055
36,a,0.2725,59.593,59.3205,0.41450000000000387,6.0,0.06908333333333398
37,s,0.2099,60.258,60.0481,0.4550999999999945,1.0,0.4550999999999945
38,space,0.2846,61.0981,60.8134,0.5553999999999988,3.605551275463989,0.1540402444917458
39,l,0.2148,65.5026,65.2877,4.189599999999999,4.47213595499958,0.9368230398533115
40,o,0.1795,66.1591,65.9796,0.47700000000000387,1.0,0.47700000000000387
41,s,0.2238,67.3593,67.1354,0.976300000000009,7.0710678118654755,0.13806967009448654
42,space,0.2038,68.155,67.9511,0.5917999999999921,3.605551275463989,0.1641357880630431
43,v,0.1892,69.8584,69.6691,1.5140999999999991,1.4142135623730951,1.070630377394551
44,,0.1003,70.2381,70.1378,0.27939999999999543,,
45,i,0.2329,71.8839,71.651,1.4128999999999934,,
46,e,0.1855,73.0283,72.8428,0.9588999999999999,5.0,0.19177999999999998
47,r,0.2165,73.4183,73.2018,0.1735000000000042,1.0,0.1735000000000042
48,n,0.238,74.3385,74.1005,0.6821999999999946,2.8284271247461903,0.24119412306272944
49,,0.1006,74.3617,74.2611,-0.07739999999999725,,
50,e,0.186,75.1117,74.9258,0.5640999999999963,,
51,s,0.2199,75.9221,75.7022,0.5905000000000058,1.4142135623730951,0.4175465542906604
52,space,0.2026,76.6874,76.4848,0.5627000000000066,3.605551275463989,0.15606490020797006
53,a,0.2212,78.3472,78.1259,1.4385000000000048,4.47213595499958,0.3216583785633458
54,l,0.2549,80.0955,79.8406,1.493399999999994,8.0,0.18667499999999926
55,g,0.295,81.5771,81.2821,1.1865999999999985,4.0,0.29664999999999964
56,u,0.2624,83.24,82.9777,1.4005999999999972,2.23606797749979,0.6263673618572398
57,n,0.2067,84.1724,83.9657,0.7257000000000033,2.23606797749979,0.324542906254321
58,space,0.3626,85.4148,85.0522,0.879800000000003,1.4142135623730951,0.6221125460879267
59,p,0.2506,92.3445,92.0939,6.679100000000005,5.830951894845301,1.1454562000253317
60,a,0.2667,93.214,92.9474,0.6029000000000053,9.055385138137417,0.06657916707052557
61,l,0.1912,94.1265,93.9353,0.7212999999999994,8.0,0.09016249999999992
62,o,0.233,94.6366,94.4036,0.27710000000000434,1.0,0.27710000000000434
63,m,0.1719,95.4488,95.277,0.6403999999999996,3.605551275463989,0.17761500283131829
64,i,0.189,96.1925,96.0035,0.5546999999999969,2.8284271247461903,0.19611606576208784
65,n,0.1794,96.8448,96.6654,0.47290000000000987,2.8284271247461903,0.16719539841156264
66,o,0.3466,98.367,98.0204,1.1755999999999887,3.605551275463989,0.32605277534118654
67,space,0.334,101.8783,101.5443,3.1773000000000025,5.0,0.6354600000000005
68,,0.1,101.9299,101.8298,-0.048499999999989996,,
69,a,0.2632,109.6086,109.3454,7.415499999999994,,
70,,0.228,112.8506,112.6226,3.01400000000001,,
71,a,0.2502,113.7363,113.4861,0.6354999999999933,,
72,d,0.1486,114.439,114.2904,0.5541000000000054,2.0,0.2770500000000027
73,a,0.1952,114.4648,114.2697,-0.16929999999999268,2.0,-0.08464999999999634
74,i,0.2849,116.0815,115.7966,1.3318000000000012,7.0710678118654755,0.18834496223684896
75,d,0.1832,116.7654,116.5822,0.5006999999999948,5.0990195135927845,0.09819534886368773
76,u,0.2497,117.5177,117.268,0.502600000000001,4.123105625617661,0.12189840514326121
77,r,0.2102,118.4899,118.2797,0.7620000000000005,3.0,0.25400000000000017
78,a,0.3814,119.6139,119.2325,0.7425999999999959,3.1622776601683795,0.23483073904410254
79,space,0.485,121.3735,120.8884,1.2745000000000033,4.47213595499958,0.28498686373234894
80,l,0.245,124.7074,124.4624,3.0888999999999953,4.47213595499958,0.6906990375699089
81,o,0.2416,125.2319,124.9903,0.28289999999999793,1.0,0.28289999999999793
82,s,0.2286,126.1024,125.8738,0.6419000000000068,7.0710678118654755,0.09077836856872992
83,space,0.1883,127.011,126.8227,0.7202999999999946,3.605551275463989,0.19977527567051478
84,s,0.1416,128.1617,128.0201,1.0091000000000179,3.605551275463989,0.27987398400544433
85,a,0.181,128.7535,128.5725,0.4107999999999947,1.0,0.4107999999999947
86,b,0.2031,130.2042,130.001,1.2475000000000023,4.123105625617661,0.3025631922328259
87,a,0.262,131.4599,131.1979,0.9937000000000182,4.123105625617661,0.24100765059860849
88,d,0.1738,132.3232,132.1494,0.6895000000000095,2.0,0.3447500000000048
89,o,0.2271,133.919,133.6919,1.3686999999999898,6.082762530298219,0.22501289392484086
90,,0.0991,135.1459,135.0468,1.1277999999999793,,
91,space,0.3765,135.6968,135.3203,0.17439999999999145,,
92,c,0.2012,141.2862,141.085,5.388200000000012,2.23606797749979,2.4096762952728787
93,o,0.2011,142.6132,142.4121,1.1259000000000015,6.324555320336759,0.17802042087917913
94,n,0.2567,143.2899,143.0332,0.4199999999999875,3.605551275463989,0.11648704120729465
95,s,0.1759,143.8362,143.6602,0.3703000000000145,4.123105625617661,0.08981094195095762
96,u,0.2859,149.1362,148.8503,5.014100000000013,5.0990195135927845,0.9833459131963712
97,m,0.2002,150.0442,149.8439,0.7076999999999884,2.23606797749979,0.31649306153531503
98,i,0.1929,150.6834,150.4905,0.4463000000000079,2.8284271247461903,0.15779087822178087
99,a,0.2253,152.0831,151.8578,1.1743999999999915,7.0710678118654755,0.16608524076509507
100,n,0.1912,152.7017,152.5105,0.4274000000000058,5.0990195135927845,0.083820036158061
101,space,0.3199,153.3333,153.0134,0.31170000000000186,1.4142135623730951,0.22040518369584816
102,l,0.2698,157.8867,157.6169,4.2835999999999785,4.47213595499958,0.9578420788418051
103,a,0.1751,158.2008,158.0258,0.13910000000001332,8.0,0.017387500000001666
104,s,0.2182,158.8678,158.6496,0.44880000000000564,1.0,0.44880000000000564
105,space,0.1523,159.6445,159.4922,0.6244000000000085,3.605551275463989,0.1731774012615189
106,t,0.14,161.1215,160.9815,1.3370000000000175,3.0,0.4456666666666725
107,r,0.1219,161.5221,161.4002,0.2787000000000148,1.0,0.2787000000000148
108,e,0.222,161.9872,161.7652,0.24309999999999832,1.0,0.24309999999999832
109,s,0.1684,162.5273,162.3589,0.37170000000000414,1.4142135623730951,0.26283159056704264
110,space,0.2045,163.6558,163.4513,0.9240000000000066,3.605551275463989,0.2562714906560577
111,p,0.2007,165.1818,164.9811,1.3252999999999986,5.830951894845301,0.2272870748893667
112,a,0.2389,166.3763,166.1374,0.955600000000004,9.055385138137417,0.1055283663171238
113,r,0.2055,167.5345,167.329,0.9527000000000214,3.1622776601683795,0.30127019268424826
114,t,0.1727,168.2559,168.0833,0.5488,1.0,0.5488
115,,0.1008,168.5799,168.4791,0.2231999999999914,,
116,e,0.2633,169.5039,169.2406,0.6606999999999914,,
117,s,0.2624,170.6286,170.3662,0.8623000000000047,1.4142135623730951,0.6097381774171632
118,space,0.3774,172.0167,171.6393,1.0106999999999857,3.605551275463989,0.2803177441624156
119,d,0.1475,179.668,179.5205,7.5038000000000125,2.8284271247461903,2.652993932333812
120,e,0.2442,180.069,179.8248,0.15680000000000405,1.0,0.15680000000000405
121,space,0.2132,181.1393,180.9262,0.857200000000006,3.605551275463989,0.23774450410213485
122,s,0.3621,181.723,181.3609,0.22159999999999513,3.605551275463989,0.06146078174175404
123,u,0.2088,182.8832,182.6744,0.9513999999999783,5.0990195135927845,0.18658489097046405
124,space,0.2309,183.5499,183.3191,0.43590000000000373,3.605551275463989,0.12089690776728973
125,a,0.2338,184.3872,184.1533,0.6033999999999935,4.47213595499958,0.13492434176233584
126,s,0.2357,185.4776,185.2418,0.8546000000000049,1.0,0.8546000000000049
127,i,0.2649,186.6035,186.3386,0.8610000000000184,6.082762530298219,0.14154752806991566
128,e,0.2315,187.1538,186.9223,0.3188000000000102,5.0,0.06376000000000204
129,n,0.1478,188.1686,188.0209,0.867100000000022,3.605551275463989,0.2404902700734542
130,d,0.2668,189.4325,189.1657,0.997099999999989,3.1622776601683795,0.3153107054953856
131,a,0.2443,190.8128,190.5685,1.1359999999999957,2.0,0.5679999999999978
132,space,0.3321,191.5404,191.2083,0.3954999999999984,4.47213595499958,0.08843648851011632
133,e,0.1699,196.3953,196.2254,4.685000000000002,3.605551275463989,1.2993852096576
134,l,0.2313,198.2118,197.9805,1.5852000000000146,6.082762530298219,0.2606052746764548
135,space,0.1914,198.7924,198.601,0.3891999999999882,4.47213595499958,0.08702776568428917
136,r,0.1596,199.7681,199.6084,0.8160000000000025,3.1622776601683795,0.25804185706974053
137,e,0.1902,200.3554,200.1652,0.3970999999999947,1.0,0.3970999999999947
138,s,0.1923,201.4026,201.2103,0.8548999999999864,1.4142135623730951,0.6045055872363698
139,t,0.1681,202.6779,202.5097,1.1071000000000026,3.1622776601683795,0.3500957597572421
140,o,0.2255,204.4299,204.2044,1.5264999999999986,4.0,0.38162499999999966
141,space,0.191,205.0835,204.8925,0.462600000000009,5.0,0.0925200000000018
142,e,0.1816,207.1417,206.9601,1.8766000000000247,3.605551275463989,0.5204751941181394
143,l,0.2094,208.583,208.3736,1.2319000000000244,6.082762530298219,0.20252311246147367
144,l,0.2056,208.9541,208.7484,0.16540000000000532,0.0,inf
145,a,0.2079,209.9434,209.7355,0.7813999999999908,8.0,0.09767499999999885
146,space,0.3399,211.5105,211.1706,1.2272000000000105,4.47213595499958,0.2744102621987765
147,c,0.1687,214.8616,214.6929,3.1824000000000012,2.23606797749979,1.4232125463190666
148,o,0.2354,216.8446,216.6091,1.7475000000000023,6.324555320336759,0.2763040105572125
149,n,0.1908,217.5485,217.3576,0.5129999999999768,3.605551275463989,0.14228060033176484
150,c,0.1879,218.5425,218.3546,0.8061000000000149,3.0,0.268700000000005
151,l,0.2441,220.3792,220.1351,1.5926000000000045,6.082762530298219,0.2618218271825128
152,u,0.1923,221.1784,220.9861,0.606899999999996,2.23606797749979,0.27141393110892265
153,i,0.2165,222.1246,221.9082,0.7297999999999831,1.0,0.7297999999999831
154,a,0.1692,223.0318,222.8626,0.7379999999999995,7.0710678118654755,0.10436896090313434
155,n,0.1873,223.8671,223.6798,0.6479999999999961,5.0990195135927845,0.1270832555695425
156,space,0.1701,224.2712,224.1011,0.23400000000000887,1.4142135623730951,0.1654629867976584
157,s,0.1417,225.55,225.4083,1.1371000000000038,3.605551275463989,0.3153747965638551
158,a,0.2012,226.0496,225.8484,0.2983999999999867,1.0,0.2983999999999867
159,y,0.1999,227.3079,227.108,1.058400000000006,5.0990195135927845,0.20756931743025517
160,o,0.1695,228.7085,228.5389,1.231000000000023,3.0,0.410333333333341
161,space,0.3924,229.6197,229.2273,0.5188000000000272,5.0,0.10376000000000545
162,d,0.1609,233.9083,233.7474,4.127700000000004,2.8284271247461903,1.4593623303518575
163,e,0.196,235.1526,234.9565,1.0482000000000085,1.0,1.0482000000000085
164,space,0.3221,236.0414,235.7193,0.5666999999999973,3.605551275463989,0.15717430060041793
165,space,0.2191,236.531,236.3119,0.2704999999999984,0.0,inf
166,v,0.1308,238.2392,238.1084,1.577399999999983,1.4142135623730951,1.115390236643648
167,e,0.207,239.0213,238.8143,0.575099999999992,2.23606797749979,0.2571925387720222
168,l,0.2605,240.4749,240.2144,1.1931000000000154,6.082762530298219,0.19614443175402432
169,a,0.2055,241.0074,240.8019,0.3269999999999982,8.0,0.04087499999999977
170,r,0.2094,241.546,241.3366,0.32920000000001437,3.1622776601683795,0.10410218057274759
171,t,0.1388,241.9572,241.8184,0.27240000000000464,1.0,0.27240000000000464
172,e,0.2578,242.6286,242.3707,0.4134999999999991,2.0,0.20674999999999955
173,space,0.3707,243.6221,243.2514,0.6227999999999838,3.605551275463989,0.17273364110453188
174,c,0.126,249.5379,249.4119,5.789800000000014,2.23606797749979,2.5892772752256623
175,a,0.1921,250.1402,249.9481,0.41020000000000323,2.23606797749979,0.18344701687408418
176,l,0.2258,250.8764,250.6505,0.5103000000000009,8.0,0.06378750000000011
177,z,0.1311,251.8983,251.7672,0.8908000000000129,8.06225774829855,0.1104901415720685
178,a,0.2046,252.4281,252.2235,0.32519999999999527,1.0,0.32519999999999527
179,space,0.2091,253.0284,252.8193,0.39119999999999777,4.47213595499958,0.08747497927979127
180,d,0.1666,253.6238,253.4573,0.4288999999999987,2.8284271247461903,0.15163904922545465
181,e,0.2492,255.124,254.8748,1.2510000000000048,1.0,1.2510000000000048
182,space,0.1607,255.569,255.4083,0.2843000000000018,3.605551275463989,0.07885063289341682
183,,0.099,257.0162,256.9173,1.3483000000000231,,
184,v,0.1721,257.1434,256.9713,-0.04490000000004102,,
185,e,0.1963,258.9053,258.709,1.5656000000000176,2.23606797749979,0.700157605114742
186,l,0.21,260.7054,260.4953,1.589999999999975,6.082762530298219,0.261394389815514
187,l,0.2205,261.6828,261.4623,0.7569000000000301,0.0,inf
188,u,0.196,263.0547,262.8587,1.1759000000000128,2.23606797749979,0.5258784669484062
189,d,0.2138,264.6989,264.4852,1.430499999999995,4.123105625617661,0.3469472116144731
190,o,0.1597,265.6444,265.4847,0.7857999999999947,6.082762530298219,0.1291847242245489
191,space,0.3269,267.0428,266.7158,1.0713999999999828,5.0,0.21427999999999656
192,p,0.2936,271.6075,271.3139,4.27109999999999,5.830951894845301,0.7324876070021678
193,a,0.204,272.1697,271.9657,0.35820000000001073,9.055385138137417,0.039556572640011216
194,r,0.2045,273.229,273.0245,0.8548000000000116,3.1622776601683795,0.2703114943911967
195,a,0.1926,273.8899,273.6973,0.4682999999999993,3.1622776601683795,0.14808946282568497
196,l,0.2337,275.1664,274.9327,1.0427999999999997,8.0,0.13034999999999997
197,a,0.2426,275.675,275.4324,0.2659999999999627,8.0,0.03324999999999534
198,space,0.1714,276.2141,276.0426,0.3675999999999817,4.47213595499958,0.08219785885288818
199,f,0.2074,278.2575,278.0501,1.8360000000000127,2.23606797749979,0.8210841613379284
200,i,0.1966,279.2783,279.0817,0.8242000000000189,4.123105625617661,0.19989786215495023
201,e,0.2544,280.4447,280.1903,0.9119999999999777,5.0,0.18239999999999554
202,s,0.2179,281.5342,281.3164,0.8716999999999757,1.4142135623730951,0.6163849811602963
203,t,0.2125,282.9622,282.7497,1.21550000000002,3.1622776601683795,0.3843748495934728
204,a,0.2459,283.5657,283.3198,0.3575999999999908,4.123105625617661,0.08673073951299044
205,,0.1002,284.8984,284.7982,1.232500000000016,,
206,space,0.4673,285.4282,284.9609,0.0625,,
207,c,0.1559,293.0432,292.8873,7.459099999999978,2.23606797749979,3.3358109301937264
208,o,0.2188,295.0478,294.8291,1.7858999999999696,6.324555320336759,0.2823755836647306
209,n,0.2,295.7808,295.5809,0.5330999999999904,3.605551275463989,0.14785533730383216
210,space,0.191,296.4503,296.2593,0.4784999999999968,1.4142135623730951,0.3383505947977607
211,s,0.1888,297.9546,297.7658,1.315499999999986,3.605551275463989,0.36485405406714055
212,u,0.3152,299.1258,298.8106,0.8559999999999945,5.0990195135927845,0.16787541167828446
213,space,0.2635,300.3369,300.0734,0.9475999999999658,3.605551275463989,0.2628169529715041
214,e,0.2253,323.9317,323.7064,23.36949999999996,3.605551275463989,6.481533117842735
215,space,0.2824,325.6807,325.3984,1.466700000000003,3.605551275463989,0.40678938890177263
216,c,0.1482,335.7647,335.6166,9.935900000000004,2.23606797749979,4.4434695635280335
217,o,0.2047,337.3243,337.1195,1.3548000000000116,6.324555320336759,0.21421268869980784
218,n,0.1445,338.1569,338.0124,0.6881000000000199,3.605551275463989,0.19084460251129562
219,space,0.1741,338.6289,338.4548,0.2978999999999701,1.4142135623730951,0.21064711011545134
220,p,0.2781,340.0608,339.7828,1.1539000000000215,5.830951894845301,0.19789221739594462
221,a,0.2969,340.985,340.6881,0.6273000000000479,9.055385138137417,0.06927369630675652
222,n,0.2655,342.2682,342.0027,1.0176999999999907,5.0990195135927845,0.19958739073012807
223,t,0.2081,343.2499,343.0418,0.7736000000000445,2.23606797749979,0.34596443747878736
224,u,0.2508,344.1507,343.8999,0.6499999999999773,2.0,0.32499999999998863
225,f,0.2108,344.9625,344.7517,0.6010000000000559,3.1622776601683795,0.19005288737613726
226,o,0.2255,346.1302,345.9046,0.942100000000039,5.0990195135927845,0.18476101091369085
227,space,0.3322,347.1898,346.8576,0.7273999999999887,5.0,0.14547999999999775
228,d,0.1296,360.1416,360.012,12.82220000000001,2.8284271247461903,4.533332284865078
229,e,0.227,360.7885,360.5615,0.419900000000041,1.0,0.419900000000041
230,space,0.1449,361.7148,361.57,0.7814999999999941,3.605551275463989,0.21674910167500666
231,l,0.1967,362.3995,362.2028,0.48799999999999955,4.47213595499958,0.10912011730198963
232,o,0.1937,362.9645,362.7708,0.3713000000000193,1.0,0.3713000000000193
233,space,0.1396,363.7191,363.5796,0.6151000000000408,5.0,0.12302000000000816
234,m,0.1823,364.2079,364.0256,0.30649999999997135,1.4142135623730951,0.21672822843365655
235,e,0.2155,364.997,364.7815,0.573599999999999,3.605551275463989,0.15908801627739544
236,n,0.1967,365.6642,365.4674,0.4703999999999837,3.605551275463989,0.13046548615216938
237,o,0.196,366.3648,366.1689,0.5047000000000139,3.605551275463989,0.13997859451744044
238,space,0.2106,367.0599,366.8493,0.48450000000002547,5.0,0.0969000000000051
239,y,0.2075,369.5565,369.349,2.289099999999962,3.1622776601683795,0.7238769791891317
240,l,0.1693,371.1925,371.0233,1.466799999999978,3.1622776601683795,0.46384288719349087
241,o,0.1877,371.6365,371.4488,0.2563000000000102,1.0,0.2563000000000102
242,s,0.1905,373.0458,372.8553,1.2187999999999874,7.0710678118654755,0.17236434898203104
243,space,0.1574,373.6836,373.5262,0.48040000000003147,3.605551275463989,0.13323898713330876
244,d,0.2087,374.917,374.7082,1.024599999999964,2.8284271247461903,0.36225080400185555
245,i,0.2553,376.1993,375.9441,1.0271000000000186,5.0990195135927845,0.20143088240043247
246,a,0.205,376.5948,376.3897,0.190400000000011,7.0710678118654755,0.026926626227585286
247,s,0.2616,377.7849,377.5233,0.9284999999999854,1.0,0.9284999999999854
248,,0.1,377.9867,377.8867,0.10180000000002565,,
249,space,0.3616,379.2282,378.8666,0.8799000000000206,,
250,d,0.1699,407.3119,407.1419,27.913700000000006,2.8284271247461903,9.868983279003468
251,e,0.1774,407.8056,407.6282,0.31630000000001246,1.0,0.31630000000001246
252,space,0.2307,408.7429,408.5122,0.7065999999999804,3.605551275463989,0.195975579326368
253,e,0.1731,409.5293,409.3562,0.6132999999999811,3.605551275463989,0.17009881517246128
254,n,0.2636,411.4801,411.2165,1.6872000000000185,3.605551275463989,0.46794508553560843
255,t,0.1363,412.8251,412.6888,1.2087000000000216,2.23606797749979,0.5405470728808088
256,r,0.1293,413.1695,413.0401,0.214999999999975,1.0,0.214999999999975
257,e,0.2171,413.6871,413.47,0.30049999999999955,1.0,0.30049999999999955
258,space,0.223,415.0009,414.7779,1.0908000000000015,3.605551275463989,0.3025334870212404
259,s,0.1258,415.4748,415.349,0.3480999999999881,3.605551275463989,0.09654556915299783
260,e,0.1753,416.0788,415.9034,0.42859999999996035,1.4142135623730951,0.3030659664165262
261,m,0.2141,417.8438,417.6296,1.550799999999981,3.605551275463989,0.4301145321530374
262,a,0.2022,418.2232,418.021,0.17720000000002756,5.0990195135927845,0.034751779146491614
263,n,0.2646,420.7149,420.4502,2.2269999999999754,5.0990195135927845,0.43675063295273103
264,a,0.179,420.962,420.783,0.06810000000001537,5.0990195135927845,0.013355508802913347
265,space,0.2489,421.723,421.474,0.5120000000000005,4.47213595499958,0.11448668044798933
266,s,0.1122,428.5189,428.4067,6.6836999999999875,3.605551275463989,1.8537248507552786
267,e,0.2281,428.9817,428.7536,0.2347000000000321,1.4142135623730951,0.1659579615445054
268,space,0.1917,429.7792,429.5875,0.6057999999999879,3.605551275463989,0.16801868943661855
269,h,0.1794,431.0068,430.8274,1.0482000000000085,2.23606797749979,0.4687692908030597
270,o,0.196,431.7243,431.5283,0.5215000000000032,3.1622776601683795,0.16491277997778198
271,m,0.1759,432.9995,432.8235,1.0991999999999962,3.605551275463989,0.3048632278453849
272,r,0.1644,434.2837,434.1193,1.119799999999998,2.8284271247461903,0.3959090867863472
273,r,0.1255,434.6002,434.4747,0.19099999999997408,0.0,inf
274,a,0.2031,435.8122,435.6091,1.0089000000000397,3.1622776601683795,0.3190421931344003
275,b,0.1448,437.3716,437.2268,1.4146000000000072,4.123105625617661,0.34309089517639835
276,,0.0995,437.6028,437.5033,0.13170000000002346,,
277,a,0.2025,438.116,437.9135,0.3106999999999971,,
278,space,0.2117,438.6986,438.487,0.37100000000003774,4.47213595499958,0.08295812196525064
279,c,0.2116,439.4236,439.2121,0.5135000000000218,2.23606797749979,0.22964418128923816
280,o,0.1971,440.442,440.2449,0.8212999999999511,6.324555320336759,0.12985893211480676
281,n,0.1482,440.9705,440.8224,0.38040000000000873,3.605551275463989,0.105503977322041
282,space,0.1636,441.4168,441.2532,0.2826999999999771,1.4142135623730951,0.19989908704142076
283,s,0.2223,442.2218,441.9996,0.5827999999999633,3.605551275463989,0.1616396371800216
284,u,0.2706,443.4896,443.219,0.9972000000000207,5.0990195135927845,0.1955670099598012
285,space,0.2613,445.6824,445.4212,1.931600000000003,3.605551275463989,0.5357294495143272
286,,0.0997,449.2273,449.1275,3.445100000000025,,
287,v,0.1672,453.8766,453.7094,4.482100000000003,,
288,e,0.1644,454.4963,454.3319,0.45530000000002246,2.23606797749979,0.2036163500311409
289,l,0.192,456.4852,456.2932,1.7968999999999937,6.082762530298219,0.2954085402889955
290,l,0.1791,456.9292,456.7501,0.2648999999999546,0.0,inf
291,o,0.2115,457.493,457.2816,0.35240000000004557,1.0,0.35240000000004557
292,r,0.1999,458.1012,457.9012,0.4082000000000221,5.0,0.08164000000000442
293,i,0.2275,458.8394,458.6119,0.5106999999999857,4.0,0.12767499999999643
294,s,0.2064,460.6996,460.4932,1.6537999999999897,6.082762530298219,0.2718830452055982
295,space,0.1366,461.2062,461.0696,0.37000000000000455,3.605551275463989,0.10261953630166866
296,l,0.2144,462.7961,462.5817,1.3754999999999882,4.47213595499958,0.3075711503050934
297,o,0.1834,463.3367,463.1533,0.35719999999997754,1.0,0.35719999999997754
298,space,0.1407,463.8387,463.698,0.36129999999997153,5.0,0.0722599999999943
299,m,0.2119,464.2753,464.0634,0.22469999999998436,1.4142135623730951,0.15888689373260614
300,a,0.2221,464.7967,464.5745,0.2991999999999848,5.0990195135927845,0.058677947633341686
301,s,0.2192,466.3138,466.0946,1.297900000000027,1.0,1.297900000000027
302,space,0.1786,466.8056,466.6269,0.3130999999999631,3.605551275463989,0.08683831571904939
303,d,0.1158,468.7333,468.6176,1.811999999999955,2.8284271247461903,0.6406387437549961
304,f,0.1822,468.8035,468.6213,-0.11199999999996635,1.0,-0.11199999999996635
305,i,0.2476,470.0295,469.7819,0.9784000000000219,4.123105625617661,0.2372968555355535
306,n,0.1249,470.6876,470.5627,0.5332000000000221,2.8284271247461903,0.18851466786434137
307,o,0.1919,471.3477,471.1558,0.4682000000000244,3.605551275463989,0.1298553159363329
308,space,0.2001,472.0327,471.8327,0.48500000000001364,5.0,0.09700000000000272
309,t,0.1479,489.4049,489.257,17.224300000000028,3.0,5.741433333333343
310,,0.1004,489.5716,489.4712,0.06630000000001246,,
311,e,0.2041,490.066,489.8618,0.2902000000000271,,
312,n,0.1904,491.5098,491.3194,1.2533999999999992,3.605551275463989,0.3476306129743509
313,i,0.187,492.1161,491.9291,0.4193000000000211,2.8284271247461903,0.14824493667576713
314,a,0.2051,493.782,493.5769,1.460800000000006,7.0710678118654755,0.2065883171914626
315,space,0.213,494.3358,494.1228,0.34080000000000155,4.47213595499958,0.07620519667319317
316,e,0.2527,495.4847,495.232,0.8962000000000216,3.605551275463989,0.24856115792853117
317,n,0.1635,496.558,496.3945,0.9098000000000184,3.605551275463989,0.25233311926286184
318,space,0.1617,497.0621,496.9004,0.3423999999999978,1.4142135623730951,0.24211336187827232
319,s,0.2253,498.5617,498.3364,1.2743000000000393,3.605551275463989,0.35342723002491566
320,u,0.1993,501.3738,501.1746,2.6129000000000246,5.0990195135927845,0.5124318495025659
321,space,0.1784,502.0517,501.8733,0.499499999999955,3.605551275463989,0.1385363740072385
322,c,0.1829,502.721,502.5381,0.4864000000000033,2.23606797749979,0.217524692851181
323,a,0.1755,504.0169,503.8414,1.1204000000000178,2.23606797749979,0.5010581123981608
324,s,0.2125,504.4102,504.1978,0.18089999999995143,1.0,0.18089999999995143
325,a,0.1817,504.9867,504.805,0.394800000000032,1.0,0.394800000000032
326,space,0.4613,506.7694,506.3082,1.3215000000000146,4.47213595499958,0.29549638322660043
327,u,0.1954,517.8055,517.6101,10.84069999999997,3.605551275463989,3.0066692086094124
328,n,0.1232,518.2417,518.1185,0.3129999999999882,2.23606797749979,0.13997785539148155
329,a,0.2545,519.1183,518.8638,0.6220999999999322,5.0990195135927845,0.122003847669451
330,space,0.2064,519.6853,519.479,0.3607000000000653,4.47213595499958,0.080654971948432
331,a,0.1836,520.2946,520.111,0.4257000000000062,4.47213595499958,0.09518941380216743
332,m,0.188,521.9471,521.759,1.4644000000000688,5.0990195135927845,0.2871924682963702
333,a,0.2179,522.3806,522.1627,0.2155999999999949,5.0990195135927845,0.04228263873579148
334,space,0.1561,523.0959,522.9398,0.5592000000000326,4.47213595499958,0.1250409213017955
335,q,0.1921,523.9709,523.7788,0.6829000000000178,5.0,0.13658000000000356
336,u,0.3003,525.9838,525.6835,1.7125999999999522,6.0,0.2854333333333254
337,e,0.2394,526.5477,526.3083,0.3245000000000573,4.0,0.08112500000001432
338,space,0.1489,526.9941,526.8452,0.29750000000001364,3.605551275463989,0.08251165418850662
339,p,0.1916,528.2313,528.0397,1.0456000000000358,5.830951894845301,0.17931892062501337
340,a,0.1487,528.7624,528.6137,0.38239999999996144,9.055385138137417,0.042229015571017055
341,s,0.1808,529.1404,528.9597,0.1973000000000411,1.0,0.1973000000000411
342,a,0.1884,529.5351,529.3467,0.20630000000005566,1.0,0.20630000000005566
343,b,0.1965,531.1033,530.9068,1.3716999999999189,4.123105625617661,0.33268611686231825
344,a,0.2045,531.4385,531.234,0.1307000000000471,4.123105625617661,0.031699406192260145
345,space,0.2926,532.3404,532.0478,0.6093000000000757,4.47213595499958,0.1362436218690791
346,space,0.0308,532.459,532.4282,0.08779999999990196,0.0,inf
347,d,0.1233,541.6727,541.5495,9.09050000000002,2.8284271247461903,3.213977097188162
348,e,0.1802,542.1321,541.9519,0.27920000000005984,1.0,0.27920000000005984
349,space,0.1652,542.9968,542.8316,0.6994999999999436,3.605551275463989,0.19400639362975824
350,l,0.1644,544.2634,544.099,1.102200000000039,4.47213595499958,0.2464594124800355
351,o,0.189,544.8731,544.6841,0.42069999999989705,1.0,0.42069999999989705
352,s,0.1536,545.1931,545.0394,0.16629999999997835,7.0710678118654755,0.02351837154226151
353,space,0.1458,545.7291,545.5833,0.39020000000004984,3.605551275463989,0.10822200828355603
354,c,0.1749,546.5736,546.3988,0.6697000000000344,2.23606797749979,0.2994989449063372
355,u,0.2324,548.1463,547.914,1.3403999999999314,4.47213595499958,0.2997225517040565
356,a,0.2127,548.8184,548.6057,0.4593999999999596,6.082762530298219,0.0755248947680745
357,r,0.1457,549.8276,549.6819,0.8635000000000446,3.1622776601683795,0.2730626759555536
358,e,0.1542,550.4633,550.3091,0.4814999999999827,1.0,0.4814999999999827
359,n,0.2143,551.463,551.2488,0.7854999999999563,3.605551275463989,0.21785850206744664
360,t,0.1608,552.8014,552.6406,1.177599999999984,2.23606797749979,0.5266387300607432
361,a,0.2267,554.7411,554.5144,1.7130000000000791,4.123105625617661,0.4154635256872576
362,space,0.2571,555.5485,555.2914,0.5502999999999929,4.47213595499958,0.12305082080181183
363,a,0.1621,558.1407,557.9786,2.4301000000000386,4.47213595499958,0.5433868792122325
364,,0.1838,559.4899,559.306,1.165300000000002,,
365,o,0.2103,560.342,560.1317,0.6417999999999893,,
366,s,0.2312,561.6057,561.3745,1.0325000000000273,7.0710678118654755,0.14601755031502592
367,space,0.2743,562.712,562.4377,0.8319999999999936,3.605551275463989,0.23075528162969355
368,e,0.1661,568.4601,568.294,5.581999999999994,3.605551275463989,1.5481682476646128
369,r,0.1431,569.258,569.1149,0.6548000000000229,1.0,0.6548000000000229
370,a,0.1881,569.8899,569.7017,0.4436999999999216,3.1622776601683795,0.14031025978164618
371,space,0.2396,570.5758,570.3362,0.44629999999995107,4.47213595499958,0.09979571383580467
372,d,0.136,571.2326,571.0966,0.5208000000000084,2.8284271247461903,0.18413060582097993
373,e,0.1758,571.779,571.6032,0.3705999999999676,1.0,0.3705999999999676
374,c,0.1615,572.507,572.3455,0.5665000000000191,2.0,0.28325000000000955
375,o,0.148,573.8166,573.6686,1.1616000000000213,6.324555320336759,0.1836650865025828
376,n,0.1762,574.3863,574.2102,0.3935999999999922,3.605551275463989,0.10916499861712292
377,p,0.1891,575.4644,575.2754,0.8890999999999849,4.47213595499958,0.19880880387950292
378,o,0.1483,575.9525,575.8042,0.33980000000008204,1.0,0.33980000000008204
379,s,0.1658,577.1522,576.9864,1.033900000000017,7.0710678118654755,0.14621554021375668
380,i,0.1915,578.0787,577.8872,0.7350000000000136,6.082762530298219,0.12083325566943985
381,s,0.179,578.7841,578.6051,0.5263999999999669,6.082762530298219,0.08653962691753464
382,i,0.224,579.6428,579.4188,0.6347000000000662,6.082762530298219,0.10434403724272116
383,o,0.1613,580.7385,580.5771,0.9343000000000075,1.0,0.9343000000000075
384,n,0.1427,582.0247,581.882,1.1434999999999036,3.605551275463989,0.31714983719174805
385,space,0.3901,582.7983,582.4082,0.3834999999999127,1.4142135623730951,0.2711754505849792
386,e,0.1997,619.8388,619.6391,36.840799999999945,3.605551275463989,10.217799494547195
387,space,0.2491,621.0729,620.8238,0.9850000000000136,3.605551275463989,0.27318984664092916
388,d,0.1712,621.9985,621.8273,0.7544000000000324,2.8284271247461903,0.26672067786357717
389,e,0.2097,622.4429,622.2332,0.23469999999997526,1.0,0.23469999999997526
390,space,0.2194,623.188,622.9687,0.5258000000000038,3.605551275463989,0.1458306815876138
391,s,0.1874,623.8181,623.6308,0.44280000000003383,3.605551275463989,0.12281062344427511
392,u,0.2009,625.1654,624.9645,1.1464000000000851,5.0990195135927845,0.22482753732243088
393,space,0.1665,625.662,625.4955,0.3301000000000158,3.605551275463989,0.09155326738697846
394,a,0.1889,626.0995,625.9106,0.24860000000001037,4.47213595499958,0.05558864992064709
395,c,0.2276,627.1226,626.895,0.7954999999999472,2.23606797749979,0.3557584152201929
396,i,0.2051,628.0903,627.8852,0.7626000000000204,5.385164807134504,0.14161126489382353
397,e,0.2672,628.5887,628.3214,0.23110000000008313,5.0,0.04622000000001662
398,n,0.2363,630.2409,630.0045,1.4157999999999902,3.605551275463989,0.39267226890783696
399,d,0.1284,630.9233,630.7949,0.5539999999999736,3.1622776601683795,0.17519018237331987
400,a,0.2145,631.5478,631.3333,0.40999999999996817,2.0,0.20499999999998408
401,,0.1001,633.1639,633.0638,1.5159999999999627,,
402,space,0.4344,633.3235,632.8891,-0.27480000000002747,,
403,e,0.191,656.5961,656.4051,23.08159999999998,3.605551275463989,6.401684024596119
404,l,0.2147,657.7443,657.5296,0.9334999999999809,6.082762530298219,0.1534664546495479
405,space,0.1815,658.2494,658.0679,0.32360000000005584,4.47213595499958,0.07235915975190568
406,r,0.1453,658.8636,658.7183,0.46889999999996235,3.1622776601683795,0.1482791994852834
407,e,0.1284,659.4028,659.2744,0.4107999999999947,1.0,0.4107999999999947
408,s,0.1534,659.8792,659.7258,0.32300000000009277,1.4142135623730951,0.22839549032332043
409,t,0.1913,661.1131,660.9218,1.042599999999993,3.1622776601683795,0.329699068849153
410,o,0.1654,662.0472,661.8818,0.7686999999999671,4.0,0.19217499999999177
411,space,0.1869,662.6316,662.4447,0.3975000000000364,5.0,0.07950000000000727
412,d,0.1922,663.1271,662.935,0.30339999999989686,2.8284271247461903,0.1072680987059628
413,e,0.2191,663.7539,663.5347,0.4076000000000022,1.0,0.4076000000000022
414,space,0.2271,664.2775,664.0504,0.2964999999999236,3.605551275463989,0.08223430409036903
415,e,0.215,664.7894,664.5744,0.2968999999999369,3.605551275463989,0.08234524412961776
416,l,0.1708,666.2718,666.1011,1.3116999999999734,6.082762530298219,0.2156421516484328
417,l,0.1909,666.6188,666.4278,0.15600000000006276,0.0,inf
418,a,0.1834,667.1535,666.9702,0.35140000000001237,8.0,0.043925000000001546
419,space,0.1988,667.7096,667.5108,0.3573000000000093,4.47213595499958,0.07989470883606956
420,c,0.1385,668.6131,668.4746,0.7649999999999864,2.23606797749979,0.34211840055746173
421,o,0.2012,669.9814,669.7802,1.167100000000005,6.324555320336759,0.18453471285912654
422,n,0.2135,670.5049,670.2914,0.30999999999994543,3.605551275463989,0.08597853041489538
423,c,0.1696,671.5504,671.3808,0.8759000000000015,3.0,0.29196666666666715
424,l,0.2046,673.086,672.8814,1.3310000000000173,6.082762530298219,0.2188150521034334
425,u,0.2434,674.2099,673.9665,0.8804999999999836,2.23606797749979,0.39377157083770564
426,i,0.2049,675.2211,675.0163,0.8064000000000533,1.0,0.8064000000000533
427,a,0.1997,676.4357,676.2359,1.0148000000000366,7.0710678118654755,0.14351439230962684
428,n,0.1561,677.1755,677.0194,0.5837000000000216,5.0990195135927845,0.11447298808016228
429,space,0.378,680.6525,680.2746,3.0990999999999076,1.4142135623730951,2.191394625575164
430,s,0.1547,683.6553,683.5007,2.84820000000002,3.605551275463989,0.7899485494443543
431,a,0.1948,684.1788,683.984,0.3287000000000262,1.0,0.3287000000000262
432,y,0.1511,685.4146,685.2635,1.084699999999998,5.0990195135927845,0.21272717178438785
433,o,0.1647,686.2138,686.0491,0.6345000000000027,3.0,0.2115000000000009
434,space,0.1597,686.8938,686.7341,0.5203000000000202,5.0,0.10406000000000404
435,d,0.2128,687.9684,687.7557,0.8618999999999915,2.8284271247461903,0.30472766735233964
436,e,0.223,688.7713,688.5483,0.579900000000066,1.0,0.579900000000066
437,space,0.2893,690.6133,690.3239,1.552599999999984,3.605551275463989,0.43061376232964094
438,y,0.1693,699.7279,699.5585,8.9452,3.1622776601683795,2.8287206125738185
439,space,0.1297,700.277,700.1473,0.419399999999996,3.1622776601683795,0.13262592506746054
440,l,0.1606,701.3774,701.2168,0.9397999999999911,4.47213595499958,0.21014566852542824
441,o,0.1555,701.7829,701.6275,0.2501000000000886,1.0,0.2501000000000886
442,s,0.1953,702.7618,702.5666,0.7836999999999534,7.0710678118654755,0.11083191688317287
443,space,0.1827,703.2611,703.0783,0.3165000000000191,3.605551275463989,0.0877813060526478
444,d,0.1996,704.0127,703.8131,0.5519999999999072,2.8284271247461903,0.1951614716074543
445,i,0.2225,704.739,704.5165,0.5037999999999556,5.0990195135927845,0.09880330888260842
446,a,0.2002,705.9783,705.7781,1.0390999999999622,7.0710678118654755,0.14695093126618294
447,s,0.215,706.4592,706.2442,0.2658999999999878,1.0,0.2658999999999878
448,space,0.1999,706.9072,706.7074,0.2481999999999971,3.605551275463989,0.06883829435155013
449,e,0.1779,707.7113,707.5333,0.6261000000000649,3.605551275463989,0.17364889642832598
450,n,0.2127,708.8548,708.6421,0.9307999999999765,3.605551275463989,0.25815747132321515
451,t,0.1926,710.124,709.9314,1.0766000000000986,2.23606797749979,0.48147015691529876
452,r,0.1826,710.6725,710.4898,0.36579999999992197,1.0,0.36579999999992197
453,e,0.1564,711.3843,711.2279,0.5553999999999633,1.0,0.5553999999999633
454,space,0.1479,712.0396,711.8917,0.5073999999999614,3.605551275463989,0.14072743978232993
455,s,0.1296,712.6532,712.5236,0.4840000000000373,3.605551275463989,0.1342374474865158
456,e,0.2184,713.126,712.9075,0.2543000000000575,1.4142135623730951,0.17981725445577967
457,m,0.2002,714.1415,713.9413,0.8152999999999793,3.605551275463989,0.2261235349912089
458,a,0.2175,714.6193,714.4018,0.2603000000000293,5.0990195135927845,0.05104902997647505
459,n,0.2262,715.3707,715.1445,0.5252000000000407,5.0990195135927845,0.10300019417458225
460,a,0.2358,715.7405,715.5048,0.13409999999998945,5.0990195135927845,0.02629917372202841
461,space,0.192,716.443,716.251,0.5104999999999791,4.47213595499958,0.11415127025135959
462,s,0.1588,730.9797,730.821,14.378000000000043,3.605551275463989,3.9877397106631842
463,e,0.2081,731.3398,731.1317,0.15200000000004366,1.4142135623730951,0.10748023074038608
464,space,0.1658,732.0723,731.9065,0.5667000000000826,3.605551275463989,0.15717430060044157
465,o,0.2115,733.526,733.3145,1.2421999999999116,5.0,0.2484399999999823
466,n,0.1719,735.0346,734.8628,1.3368000000000393,3.605551275463989,0.37076161115695405
467,r,0.1716,736.2964,736.1248,1.0902000000000953,2.8284271247461903,0.38544390642482074
468,a,0.2022,736.9356,736.7335,0.4371000000001004,3.1622776601683795,0.1382231565259916
469,b,0.2228,738.1678,737.945,1.0094000000000278,4.123105625617661,0.24481545991168124
470,a,0.1794,739.0514,738.872,0.7041999999999007,4.123105625617661,0.1707935871505616
471,space,0.2194,739.6963,739.4769,0.4255000000000564,4.47213595499958,0.09514469244262866
472,c,0.113,740.6332,740.5202,0.8239000000000942,2.23606797749979,0.3684592813324575
473,o,0.1846,742.1631,741.9785,1.3453000000000657,6.324555320336759,0.2127106068112364
474,n,0.1532,742.6278,742.4745,0.31140000000004875,3.605551275463989,0.0863668205522817
475,space,0.1901,743.0903,742.9003,0.2725000000000364,1.4142135623730951,0.1926865978733599
476,s,0.1623,743.8908,743.7285,0.6382000000000971,3.605551275463989,0.17700483261549757
477,u,0.1921,744.724,744.5319,0.6410999999999376,5.0990195135927845,0.12573005423707756
478,space,0.162,745.2559,745.0939,0.36989999999991596,3.605551275463989,0.10259180129183282
479,v,0.2018,746.7489,746.5471,1.2912000000000035,1.4142135623730951,0.9130162758680725
480,e,0.1673,747.8116,747.6443,0.8953999999999951,2.23606797749979,0.4004350534106601
481,l,0.1698,749.744,749.5742,1.7626000000000204,6.082762530298219,0.28976965502442614
482,l,0.1674,750.0789,749.9115,0.1675000000000182,0.0,inf
483,o,0.2402,750.7269,750.4866,0.4076999999999771,1.0,0.4076999999999771
484,d,0.1667,751.4489,751.2822,0.5552999999999884,6.082762530298219,0.091290757650663
485,i,0.1787,753.0591,752.8804,1.4315000000000282,5.0990195135927845,0.280740247450316
486,space,0.2574,753.7927,753.5353,0.4762000000000626,4.242640687119285,0.11224141640035941
487,d,0.1894,760.0419,759.8525,6.059799999999996,2.8284271247461903,2.1424628363171188
488,e,0.1849,760.6305,760.4456,0.403699999999958,1.0,0.403699999999958
489,space,0.1783,761.1692,760.9909,0.3604000000000269,3.605551275463989,0.09995697535979375
490,l,0.1615,762.2619,762.1004,0.9311999999999898,4.47213595499958,0.20822265006477814
491,o,0.1631,762.7423,762.5793,0.31740000000002055,1.0,0.31740000000002055
492,space,0.1302,763.2293,763.0991,0.3568000000000211,5.0,0.07136000000000423
493,m,0.174,763.6566,763.4826,0.2533000000000811,1.4142135623730951,0.17911014767460984
494,a,0.1503,763.985,763.8348,0.17819999999994707,5.0990195135927845,0.034947895281614016
495,s,0.2017,764.3679,764.1662,0.1811999999999898,1.0,0.1811999999999898
496,space,0.1533,764.7347,764.5814,0.2135000000000673,3.605551275463989,0.05921424594706188
497,f,0.201,766.4146,766.2135,1.4787999999999784,2.23606797749979,0.661339465025328
498,i,0.1918,767.3711,767.1793,0.7647000000000617,4.123105625617661,0.18546699246529877
499,n,0.1655,767.8941,767.7286,0.35750000000007276,2.8284271247461903,0.1263953371371211
500,o,0.1767,768.8095,768.6328,0.7386999999999944,3.605551275463989,0.2048785174757868
501,space,0.2094,769.439,769.2296,0.42010000000004766,5.0,0.08402000000000953
502,t,0.1444,777.1735,777.0291,7.590100000000007,3.0,2.5300333333333356
503,e,0.166,777.7655,777.5995,0.42600000000004457,2.0,0.21300000000002228
504,n,0.2064,778.8791,778.6727,0.9071999999999889,3.605551275463989,0.2516120090077609
505,i,0.1889,779.6871,779.4982,0.6191000000000031,2.8284271247461903,0.21888490411629685
506,a,0.1935,780.1446,779.9511,0.26400000000001,7.0710678118654755,0.03733523804665112
507,space,0.1714,780.5684,780.397,0.25240000000007967,4.47213595499958,0.05643835575211251
508,e,0.1923,781.5761,781.3839,0.8155000000000427,3.605551275463989,0.22617900501084903
509,n,0.1703,782.3976,782.2273,0.6512000000000171,3.605551275463989,0.18061038389093936
510,space,0.1998,782.8627,782.6629,0.26530000000002474,1.4142135623730951,0.18759542904880855
511,s,0.1577,783.6718,783.5141,0.6513999999999669,3.605551275463989,0.18066585391054796
512,u,0.2081,785.293,785.0849,1.4130999999999858,5.0990195135927845,0.27713171056376507
513,space,0.1562,785.8268,785.6706,0.37760000000002947,3.605551275463989,0.10472739704733143
514,c,0.1309,786.4726,786.3417,0.5148999999998978,2.23606797749979,0.2302702803228826
515,a,0.1604,787.0586,786.8981,0.4254999999999427,2.23606797749979,0.19028938488520647
516,s,0.1469,787.4455,787.2986,0.2400000000000091,1.0,0.2400000000000091
517,a,0.2138,787.8713,787.6575,0.21199999999998909,1.0,0.21199999999998909
518,space,0.1774,788.3618,788.1844,0.3130999999999631,4.47213595499958,0.07001128837551016
519,u,0.163,791.3313,791.1683,2.806500000000028,3.605551275463989,0.7783830503530607
520,,0.0997,791.4367,791.337,0.005699999999933425,,
521,n,0.148,791.793,791.645,0.20830000000000837,,
522,a,0.1875,792.1278,791.9403,0.1472999999999729,5.0990195135927845,0.028887906705849193
523,space,0.2058,792.6298,792.424,0.2961999999999989,4.47213595499958,0.06623233349354353
524,a,0.1795,793.405,793.2255,0.5956999999999653,4.47213595499958,0.1332025694196547
525,m,0.1856,794.5537,794.3681,0.963100000000054,5.0990195135927845,0.18887944975159565
526,a,0.1467,794.7855,794.6388,0.08509999999989759,5.0990195135927845,0.016689483100239377
527,s,0.2085,795.1726,794.9642,0.17870000000004893,1.0,0.17870000000004893
528,space,0.3789,796.9117,796.5327,1.3600999999999885,3.605551275463989,0.3772238684429639
529,q,0.1735,811.3063,811.1328,14.221099999999979,5.0,2.8442199999999955
530,u,0.2297,813.1951,812.9654,1.6591000000000804,6.0,0.27651666666668007
531,e,0.1736,813.5115,813.3379,0.14279999999996562,4.0,0.035699999999991405
532,space,0.1406,814.0727,813.932,0.42050000000006094,3.605551275463989,0.11662571625637133
533,p,0.2141,815.1818,814.9677,0.8949999999999818,5.830951894845301,0.15349123370254228
534,a,0.1962,815.5794,815.3832,0.2014000000000351,9.055385138137417,0.022240909351477968
535,s,0.1767,815.9998,815.8232,0.2438000000000784,1.0,0.2438000000000784
536,a,0.2168,816.4025,816.1857,0.18589999999994689,1.0,0.18589999999994689
537,b,0.2015,817.7775,817.576,1.17349999999999,4.123105625617661,0.2846155559801343
538,a,-0.1137,817.7999,817.9136,0.13609999999994216,4.123105625617661,0.03300909856743089
539,space,0.2176,818.3326,818.115,0.31510000000002947,4.47213595499958,0.07045850197102496
540,d,0.154,819.2175,819.0635,0.7309000000000196,2.8284271247461903,0.2584121731846307
541,e,0.2093,819.6125,819.4032,0.1856999999999971,1.0,0.1856999999999971
542,space,0.1959,820.0751,819.8792,0.26670000000001437,3.605551275463989,0.07396927116663829
543,l,0.2047,821.3374,821.1327,1.0575999999999794,4.47213595499958,0.23648654930037316
544,o,0.144,821.8002,821.6562,0.3188000000000102,1.0,0.3188000000000102
545,space,0.1452,822.3157,822.1705,0.37029999999992924,5.0,0.07405999999998585
546,c,0.1913,822.9281,822.7367,0.4210000000000491,2.23606797749979,0.18827692370550425
547,u,0.2198,824.4954,824.2755,1.3473999999999933,4.47213595499958,0.30128779928832017
548,a,0.1657,825.2937,825.128,0.6326000000000249,6.082762530298219,0.10399879936937312
549,r,0.1305,826.2887,826.1582,0.8645000000000209,3.1622776601683795,0.273378903721563
550,e,0.1309,826.699,826.5681,0.27940000000000964,1.0,0.27940000000000964
551,n,0.2571,827.9882,827.7311,1.032100000000014,3.605551275463989,0.2862530362620334
552,t,0.1959,828.6981,828.5022,0.51400000000001,2.23606797749979,0.22986778808698285
553,a,0.1835,829.5639,829.3804,0.6823000000000548,4.123105625617661,0.16548205696230325
554,space,0.342,831.4837,831.1417,1.5778000000000247,4.47213595499958,0.3528068054899223
555,y,0.1653,834.3142,834.1489,2.665200000000027,3.1622776601683795,0.842810241988085
556,space,0.1435,834.9158,834.7722,0.45799999999997,3.1622776601683795,0.14483231683570227
557,u,0.1827,835.5925,835.4098,0.4940000000000282,3.605551275463989,0.13701094846763942
558,n,0.1656,836.3778,836.2122,0.6197000000000799,2.23606797749979,0.27713826513135964
559,a,0.1613,836.768,836.6068,0.22900000000004184,5.0990195135927845,0.04491059494665235
560,space,0.1531,837.1584,837.0053,0.23730000000000473,4.47213595499958,0.05306189310607107
561,s,0.2106,837.9789,837.7683,0.6098999999999251,3.605551275463989,0.16915582483886285
562,o,0.1836,838.981,838.7974,0.8185000000000855,7.0710678118654755,0.11575338008024992
563,b,0.1433,839.8022,839.6589,0.6779000000000224,4.47213595499958,0.15158304819471574
564,r,0.202,840.8623,840.6604,0.8582000000000107,2.23606797749979,0.38379870765806867
565,i,0.1793,841.7019,841.5227,0.6603999999999814,4.0,0.16509999999999536
566,n,0.1692,842.314,842.1448,0.44290000000000873,2.8284271247461903,0.15658879669376402
567,a,0.219,842.7337,842.5147,0.20069999999998345,5.0990195135927845,0.03936050832223029
568,space,0.1836,843.1589,842.9754,0.2417000000000371,4.47213595499958,0.054045763016178215
569,q,0.1928,844.1158,843.923,0.7640999999999849,5.0,0.15281999999999699
570,u,0.1892,845.4981,845.3089,1.1930999999999585,6.0,0.1988499999999931
571,e,0.2097,845.8807,845.671,0.17290000000002692,4.0,0.04322500000000673
572,space,0.1613,846.3914,846.2301,0.349399999999946,3.605551275463989,0.09690612428053255
573,n,0.184,847.0013,846.8174,0.42600000000004457,1.4142135623730951,0.30122748878550076
574,o,0.1719,848.0459,847.874,0.8727000000000089,3.605551275463989,0.24204343062288122
575,space,0.2565,848.9512,848.6947,0.6488000000000511,5.0,0.12976000000001023
576,q,0.1988,859.0216,858.8228,9.871600000000058,5.0,1.9743200000000116
577,u,0.292,860.586,860.294,1.2723999999999478,6.0,0.21206666666665797
578,e,0.2177,860.8401,860.6224,0.0363999999999578,4.0,0.00909999999998945
579,space,0.1394,861.2963,861.1568,0.3166999999999689,3.605551275463989,0.08783677607225641
580,n,0.148,861.83,861.682,0.38570000000004256,1.4142135623730951,0.27273108550368147
581,o,0.1088,862.3544,862.2457,0.4157000000000153,3.605551275463989,0.11529443578541812
582,space,0.1556,862.8698,862.7142,0.35979999999995016,5.0,0.07195999999999003
583,l,0.1481,864.0047,863.8566,0.9867999999999029,4.47213595499958,0.22065518801965753
584,l,0.1567,864.3583,864.2016,0.19690000000002783,0.0,inf
585,e,0.2256,865.0888,864.8632,0.5049000000000206,6.082762530298219,0.08300504869047828
586,g,0.1081,866.9289,866.8209,1.7321000000000595,2.23606797749979,0.7746186687655037
587,a,0.1741,867.5656,867.3915,0.46259999999995216,4.0,0.11564999999998804
588,b,0.2089,870.554,870.3451,2.7794999999999845,4.123105625617661,0.6741277697884838
589,a,0.1976,870.839,870.6414,0.08740000000000236,4.123105625617661,0.021197613628176074
590,space,0.2127,871.4007,871.1881,0.3490999999999076,4.47213595499958,0.078061133094497
591,a,0.1827,871.8559,871.6732,0.2724999999999227,4.47213595499958,0.06093285238685198
592,space,0.1915,872.3432,872.1517,0.29579999999998563,4.47213595499958,0.06614289077444056
593,l,0.1959,873.2894,873.0935,0.7502999999999247,4.47213595499958,0.16777218035179237
594,o,0.1915,873.7735,873.582,0.2925999999999931,1.0,0.2925999999999931
595,space,0.1307,874.2292,874.0986,0.3251000000000204,5.0,0.06502000000000407
596,v,0.2007,874.9762,874.7754,0.5461999999999989,1.4142135623730951,0.3862217238840915
597,e,0.1967,875.7773,875.5807,0.60450000000003,2.23606797749979,0.270340618479738
598,n,0.2034,876.9661,876.7627,0.9854000000000269,3.605551275463989,0.2733007866801779
599,t,0.1791,878.524,878.3449,1.3788000000000693,2.23606797749979,0.616618105475373
600,e,0.2085,878.9183,878.7097,0.1856999999999971,2.0,0.09284999999999854
601,space,0.2485,879.4567,879.2082,0.2898999999999887,3.605551275463989,0.08040379344284383
602,y,0.154,890.8244,890.6704,11.213700000000017,3.1622776601683795,3.5460832997830205
603,space,0.1186,891.2667,891.1481,0.32370000000003074,3.1622776601683795,0.10236292785966015
604,u,0.1658,893.605,893.4393,2.1725999999999885,3.605551275463989,0.6025708231594632
605,n,0.1176,893.9716,893.854,0.24900000000002365,2.23606797749979,0.1113561852795001
606,space,0.1283,894.3322,894.2039,0.23230000000000928,1.4142135623730951,0.16426090526964154
607,m,0.1256,894.7397,894.6141,0.2819000000000642,1.4142135623730951,0.19933340161653312
608,o,0.1005,895.1491,895.0485,0.3088000000000193,3.605551275463989,0.08564571029718072
609,s,0.1664,897.7731,897.6067,2.4576000000000704,7.0710678118654755,0.3475571250888218
610,o,0.1705,899.3784,899.2079,1.4347999999999956,7.0710678118654755,0.20291136192929105
611,space,0.1515,900.1088,899.9573,0.578899999999976,5.0,0.11577999999999519
612,d,0.1398,900.9192,900.7794,0.6706000000000358,2.8284271247461903,0.23709290373186204
613,e,0.2068,901.2791,901.0722,0.15299999999990632,1.0,0.15299999999990632
614,space,0.1721,901.886,901.7139,0.43479999999999563,3.605551275463989,0.1205918226593636
615,,0.1009,902.0368,901.9359,0.04989999999997963,,
616,c,0.1667,902.8395,902.6728,0.636000000000081,,
617,a,0.2238,903.6813,903.4575,0.6179999999999382,2.23606797749979,0.27637800201894636
618,m,0.1971,905.5177,905.3207,1.6394000000000233,5.0990195135927845,0.3215127919455435
619,,0.1002,905.6577,905.5575,0.039800000000013824,,
620,p,0.1502,906.3942,906.2439,0.5862000000000762,,
621,o,0.1319,907.0296,906.8977,0.5035000000000309,1.0,0.5035000000000309
622,space,0.2327,907.7854,907.5527,0.5230999999999995,5.0,0.1046199999999999
623,y,0.1615,915.4167,915.2552,7.469799999999964,3.1622776601683795,2.3621581665925646
624,space,0.1267,915.9283,915.8016,0.384900000000016,3.1622776601683795,0.12171606713988598
625,p,0.1208,917.355,917.2343,1.3059999999999263,5.830951894845301,0.2239771521961039
626,l,0.1438,918.7569,918.6132,1.258199999999988,1.4142135623730951,0.8896817520889055
627,a,0.1664,920.045,919.8786,1.1217000000000326,8.0,0.14021250000000407
628,z,0.1148,921.1447,921.0299,0.9849000000000387,1.0,0.9849000000000387
629,a,0.2143,921.5424,921.3281,0.183400000000006,1.0,0.183400000000006
630,space,0.1786,922.056,921.8773,0.3348999999999478,4.47213595499958,0.07488591656645628
631,q,0.2361,923.2815,923.0454,0.9893999999999323,5.0,0.19787999999998646
632,u,0.222,924.3135,924.0915,0.8099999999999454,6.0,0.1349999999999909
633,e,0.1328,925.0953,924.9625,0.6490000000000009,4.0,0.16225000000000023
634,space,0.1661,925.7245,925.5584,0.463100000000054,3.605551275463989,0.1284408304359668
635,a,0.1612,926.2325,926.0713,0.3467999999999165,4.47213595499958,0.07754683745967403
636,s,0.2674,926.6887,926.4214,0.18889999999998963,1.0,0.18889999999998963
637,i,0.1579,927.3869,927.229,0.540300000000002,6.082762530298219,0.08882477284108488
638,space,0.2239,928.0523,927.8284,0.4415000000000191,4.242640687119285,0.10406254796462476
639,e,0.1863,940.7976,940.6113,12.559000000000083,3.605551275463989,3.4832398821963495
640,n,0.2622,942.1214,941.8592,1.0615999999999985,3.605551275463989,0.29443486415635123
641,s,0.2289,942.5134,942.2845,0.1630999999999858,4.123105625617661,0.039557560443422464
642,i,0.1535,943.4947,943.3412,0.827799999999911,6.082762530298219,0.13608948169136015
643,l,0.1278,944.124,943.9962,0.5015000000000782,1.4142135623730951,0.3546140507651089
644,l,0.1352,944.4176,944.2824,0.15840000000002874,0.0,inf
645,a,0.1793,944.9771,944.7978,0.38020000000005894,8.0,0.04752500000000737
646,b,0.1937,946.2448,946.051,1.0739000000000942,4.123105625617661,0.26045900772654085
647,a,0.2153,946.6114,946.3961,0.151299999999992,4.123105625617661,0.036695640067995236
648,space,0.1541,947.1285,946.9744,0.3629999999999427,4.47213595499958,0.08116926758322955
649,e,0.1838,948.2321,948.0482,0.9196999999999207,3.605551275463989,0.2550788852341496
650,l,0.1958,949.0386,948.8428,0.6107000000000653,6.082762530298219,0.10039846154739243
651,space,0.1864,949.8976,949.7112,0.6725999999999885,4.47213595499958,0.15039793216663327
652,e,0.1972,955.4817,955.2846,5.386999999999944,3.605551275463989,1.494084978532639
653,l,0.1836,956.1976,956.0139,0.5321999999999889,6.082762530298219,0.08749314104390933
654,space,0.1425,956.6604,956.5179,0.3203000000000884,4.47213595499958,0.07162125731933802
655,r,0.1913,957.3409,957.1496,0.48919999999998254,3.1622776601683795,0.1546986231354316
656,o,0.1844,958.386,958.2017,0.8607999999999265,5.0,0.1721599999999853
657,c,0.1614,959.0759,958.9145,0.5285000000000082,6.324555320336759,0.08356318716995072
658,i,0.2114,959.9125,959.7011,0.6251999999999498,5.385164807134504,0.1160967254282835
659,n,0.1433,961.1614,961.0181,1.1055999999999813,2.8284271247461903,0.3908886286399168
660,space,0.1309,961.5997,961.4688,0.30740000000002965,1.4142135623730951,0.21736462453676567
661,c,0.1835,962.5123,962.3288,0.7291000000000167,2.23606797749979,0.3260634324790268
662,o,0.1711,963.4321,963.261,0.7486999999999853,6.324555320336759,0.11837986420840094
663,m,0.1909,963.9573,963.7664,0.3342999999999847,3.605551275463989,0.09271813779904281
664,o,0.1421,964.725,964.5828,0.6254999999999882,3.605551275463989,0.17348248636943714
665,space,0.1745,965.327,965.1526,0.427599999999984,5.0,0.08551999999999679
666,t,0.192,966.3065,966.1145,0.7875000000000227,3.0,0.26250000000000756
667,o,0.1968,967.1858,966.9891,0.6825999999999794,4.0,0.17064999999999486
668,m,0.1786,967.8507,967.6721,0.4863000000000284,3.605551275463989,0.13487535271217233
669,a,0.1836,968.7088,968.5252,0.67450000000008,5.0990195135927845,0.13228033315072082
670,b,0.1997,969.9095,969.7098,1.0009999999999764,4.123105625617661,0.24277816066136357
671,a,0.1576,970.1791,970.0216,0.11210000000005493,4.123105625617661,0.02718824356658625
672,space,0.2573,970.825,970.5678,0.3887000000000853,4.47213595499958,0.0869159622854359
673,l,0.2466,981.79,981.5434,10.718399999999974,4.47213595499958,2.3967071010033685
674,a,0.2129,982.2055,981.9927,0.20270000000004984,8.0,0.02533750000000623
675,space,0.1615,982.6562,982.4947,0.28919999999993706,4.47213595499958,0.06466708590927985
676,p,0.1545,983.3618,983.2073,0.5511000000000195,5.830951894845301,0.09451287027203996
677,o,0.2047,983.8964,983.6917,0.32989999999995234,1.0,0.32989999999995234
678,d,0.1622,984.5554,984.3932,0.49680000000000746,6.082762530298219,0.08167341689330274
679,a,0.1744,985.0368,984.8624,0.30700000000001637,2.0,0.15350000000000819
680,d,0.1301,985.6684,985.5383,0.5015000000000782,2.0,0.2507500000000391
